{
  "project_info": {
    "project_number": "202577536094",
    "project_id": "auth-c657e",
    "storage_bucket": "auth-c657e.appspot.com"
  },
  "client": [
    {
      "client_info": {
        "mobilesdk_app_id": "1:202577536094:android:508e3114c576a6fc11c0cf",
        "android_client_info": {
          "package_name": "com.example.google"
        }
      },
      "oauth_client": [
        {
          "client_id": "202577536094-vulmqjk8mbln11vr84mqj0p7fs4276sh.apps.googleusercontent.com",
          "client_type": 1,
          "android_info": {
            "package_name": "com.example.google",
            "certificate_hash": "946b90ae96cf87466e88cc5ba59b5ed15dedf817"
          }
        },
        {
          "client_id": "202577536094-v1qrrgc1g15c83b181955bcaqt24hvco.apps.googleusercontent.com",
          "client_type": 3
        }
      ],
      "api_key": [
        {
          "current_key": "AIzaSyD2dG8a6F279mv5tWsftd2QEIRrjdn6l38"
        }
      ],
      "services": {
        "appinvite_service": {
          "other_platform_oauth_client": [
            {
              "client_id": "202577536094-v1qrrgc1g15c83b181955bcaqt24hvco.apps.googleusercontent.com",
              "client_type": 3
            }
          ]
        }
      }
    }
  ],
  "configuration_version": "1"
}